2026 Season - All Meets & Assignments,,,,,,,,,,
,,,,,,,,,,
Week,Event,Date,Type,Lead,Color,,Producer,Status,Talent grooup chat ,Available Talent
Week 0,William & Mary Green & Gold (Men's),,MAG,Ian Creelman,N/a,,Kyle Abe,,,
Week 0,William & Mary Green & Gold (Women's),,WAG,N/a,N/a,,Isaac,,,
Week 0,WCU Purple vs. Gold (2025),,WAG,Tiara DeTommaso,,,Isaac,,,
Week 2,CAL: Jan 09 vs Stanford - 6:00 PM PT,Jan 09,MAG,Dylan Shepard,David Jessen,,Isaac,Open,,"ARNY Ferrando, Akash Modi, Andrea Maldonado, Ashlee Buhler, Baely, Brandon Briones, Brittany Buhler, Christian Marsh, Christina Chauvenet, David Jessen, Dillan King, Dylan Shepard, Eddie Penev, James Laurence Marden, Kelsey Boychuk, Kensley Behel, Kyle Abe, Mary Collier, Michael Rubin, Sara King, Silje Hildebrand, Tavia Smith, Theron Graham, Tiara DeTommaso, Zane Petras"
Week 2,SEMO: Jan 09 vs Central Michigan,Jan 09,WAG,n/a,n/a,,n/a,Open,,"ARNY Ferrando, Akash Modi, Andrea Maldonado, Ashlee Buhler, Baely, Brandon Briones, Brittany Buhler, Christian Marsh, Christina Chauvenet, David Jessen, Dillan King, Dylan Shepard, Eddie Penev, James Laurence Marden, Kelsey Boychuk, Kensley Behel, Kyle Abe, Mary Collier, Michael Rubin, Sara King, Silje Hildebrand, Tavia Smith, Theron Graham, Tiara DeTommaso, Zane Petras"
Week 2,NAVY: Jan 10 vs Springfield College - 2:00 PM ET,Jan 10,MAG,Christian Marsh,Brandon Brionies,,Zane,Open,,"ARNY Ferrando, Akash Modi, Andrea Maldonado, Ashlee Buhler, Baely, Brandon Briones, Brittany Buhler, Christian Marsh, Christina Chauvenet, David Jessen, Dillan King, Dylan Shepard, Eddie Penev, James Laurence Marden, Kelsey Boychuk, Kensley Behel, Kyle Abe, Mary Collier, Michael Rubin, Sara King, Silje Hildebrand, Tavia Smith, Theron Graham, Tiara DeTommaso, Zane Petras"
Week 2,BROCKPORT: Jan 10 vs Ithaca College - 2:00 PM ET,Jan 10,WAG,n/a,n/a,,n/a,Open,,"ARNY Ferrando, Akash Modi, Andrea Maldonado, Ashlee Buhler, Baely, Brandon Briones, Brittany Buhler, Christian Marsh, Christina Chauvenet, David Jessen, Dillan King, Dylan Shepard, Eddie Penev, James Laurence Marden, Kelsey Boychuk, Kensley Behel, Kyle Abe, Mary Collier, Michael Rubin, Sara King, Silje Hildebrand, Tavia Smith, Theron Graham, Tiara DeTommaso, Zane Petras"
Week 2,FISK: Jan 11 vs Wilberforce University - 2:00 PM C,Jan 11,WAG,Andrea Maldonado,Paris McGee,,Kyle,Open,,"ARNY Ferrando, Akash Modi, Andrea Maldonado, Ashlee Buhler, Baely, Brandon Briones, Brittany Buhler, Christian Marsh, Christina Chauvenet, David Jessen, Dillan King, Dylan Shepard, Eddie Penev, James Laurence Marden, Kelsey Boychuk, Kensley Behel, Kyle Abe, Mary Collier, Michael Rubin, Sara King, Silje Hildebrand, Tavia Smith, Theron Graham, Tiara DeTommaso, Zane Petras"
Week 3,ARMY: Jan 16 vs West Point Open - 7:00 PM ET,Jan 16,MAG,n/a,n/a,,n/a,Open,,"ARNY Ferrando, Akash Modi, Andrea Maldonado, Ashlee Buhler, Baely, Brandon Briones, Brittany Buhler, Christian Marsh, Christina Chauvenet, David Jessen, Dillan King, Dylan Shepard, Eddie Penev, James Laurence Marden, Kelsey Boychuk, Kensley Behel, Kyle Abe, Mary Collier, Michael Rubin, Sara King, Silje Hildebrand, Tavia Smith, Theron Graham, Tiara DeTommaso, Zane Petras"
Week 3,WINONA STATE: Jan 16 vs UW-Eau Claire,Jan 16,WAG,n/a,n/a,,n/a,Open,,"ARNY Ferrando, Akash Modi, Andrea Maldonado, Ashlee Buhler, Baely, Brandon Briones, Brittany Buhler, Christian Marsh, Christina Chauvenet, David Jessen, Dillan King, Dylan Shepard, Eddie Penev, James Laurence Marden, Kelsey Boychuk, Kensley Behel, Kyle Abe, Mary Collier, Michael Rubin, Sara King, Silje Hildebrand, Tavia Smith, Theron Graham, Tiara DeTommaso, Zane Petras"
Week 3,AIR FORCE: Jan 17 vs Rocky Mountain Open - 6:00 PM,Jan 17,MAG,n/a,n/a,,n/a,Open,,"ARNY Ferrando, Akash Modi, Andrea Maldonado, Ashlee Buhler, Baely, Brandon Briones, Brittany Buhler, Christian Marsh, Christina Chauvenet, David Jessen, Dillan King, Dylan Shepard, Eddie Penev, James Laurence Marden, Kelsey Boychuk, Kensley Behel, Kyle Abe, Mary Collier, Michael Rubin, Sara King, Silje Hildebrand, Tavia Smith, Theron Graham, Tiara DeTommaso, Zane Petras"
Week 3,ARMY: Jan 17 vs West Point Open Finals - 7:00 PM E,Jan 17,MAG,n/a,n/a,,n/a,Open,,"ARNY Ferrando, Akash Modi, Andrea Maldonado, Ashlee Buhler, Ashley Jessen, Baely, Brandon Briones, Brittany Buhler, Christian Marsh, Christina Chauvenet, David Jessen, Dillan King, Dylan Shepard, Eddie Penev, James Laurence Marden, Kelsey Boychuk, Kensley Behel, Kyle Abe, Mary Collier, Michael Rubin, Sara King, Silje Hildebrand, Tavia Smith, Theron Graham, Tiara DeTommaso, Zane Petras"
Week 3,SIMPSON: Jan 17 vs Wis.-Whitewater - 2:00 PM CT,Jan 17,WAG,Andrea Maldonado,Baely Rowe,,,Open,,"ARNY Ferrando, Akash Modi, Andrea Maldonado, Ashlee Buhler, Baely, Brandon Briones, Brittany Buhler, Christian Marsh, Christina Chauvenet, David Jessen, Dillan King, Dylan Shepard, Eddie Penev, James Laurence Marden, Kelsey Boychuk, Kensley Behel, Kyle Abe, Mary Collier, Michael Rubin, Sara King, Silje Hildebrand, Tavia Smith, Theron Graham, Tiara DeTommaso, Zane Petras"
Week 3,ITHACA: Jan 18 vs Ursinus College - 1:00 PM ET,Jan 18,WAG,n/a,n/a,,n/a,Open,,"ARNY Ferrando, Akash Modi, Andrea Maldonado, Ashlee Buhler, Baely, Brandon Briones, Brittany Buhler, Christian Marsh, Christina Chauvenet, David Jessen, Dillan King, Dylan Shepard, Eddie Penev, James Laurence Marden, Kelsey Boychuk, Kensley Behel, Kyle Abe, Mary Collier, Michael Rubin, Sara King, Silje Hildebrand, Tavia Smith, Theron Graham, Tiara DeTommaso, Zane Petras"
Week 4,WINONA STATE: Jan 23 vs UW-Stout - 6:00 PM CT,Jan 23,WAG,n/a,n/a,,n/a,Open,,"ARNY Ferrando, Akash Modi, Andrea Maldonado, Ashlee Buhler, Baely, Brandon Briones, Brittany Buhler, Christian Marsh, Christina Chauvenet, David Jessen, Dillan King, Dylan Shepard, Eddie Penev, James Laurence Marden, Kelsey Boychuk, Kensley Behel, Kyle Abe, Mary Collier, Michael Rubin, Sara King, Silje Hildebrand, Tavia Smith, Theron Graham, Tiara DeTommaso, Zane Petras"
Week 4,WCU vs W&M @ 11:30 CT,Jan 24,WAG,Tiara DeTommaso,Nate Salsman,,Isaac,,,
Week 4,STANFORD: Jan 24 vs Stanford Open - 7:00 PM PT,Jan 24,MAG,taylor,Khoi,,Isaac,Ambert is doing,,"ARNY Ferrando, Akash Modi, Andrea Maldonado, Ashlee Buhler, Baely, Brandon Briones, Brittany Buhler, Christian Marsh, Christina Chauvenet, David Jessen, Dillan King, Dylan Shepard, Eddie Penev, James Laurence Marden, Kelsey Boychuk, Kensley Behel, Kyle Abe, Mary Collier, Michael Rubin, Sara King, Silje Hildebrand, Tavia Smith, Theron Graham, Tiara DeTommaso, Zane Petras"
Week 4,SIMPSON: Jan 24 vs Army - 6:30 PM CT,Jan 24,MAG,Yarosalv,David,,CANCELED,Sent Message for Site eval ,,"ARNY Ferrando, Akash Modi, Andrea Maldonado, Ashlee Buhler, Baely, Brandon Briones, Brittany Buhler, Christian Marsh, Christina Chauvenet, David Jessen, Dillan King, Dylan Shepard, Eddie Penev, James Laurence Marden, Kelsey Boychuk, Kensley Behel, Kyle Abe, Mary Collier, Michael Rubin, Sara King, Silje Hildebrand, Tavia Smith, Theron Graham, Tiara DeTommaso, Zane Petras"
Week 4,GREENVILLE: Jan 24 vs Centenary College (Louisiana,Jan 24,WAG,Baely,Tavia,,CANCELED,Canceled,Done,"ARNY Ferrando, Akash Modi, Andrea Maldonado, Ashlee Buhler, Baely, Brandon Briones, Brittany Buhler, Christian Marsh, Christina Chauvenet, David Jessen, Dillan King, Dylan Shepard, Eddie Penev, James Laurence Marden, Kelsey Boychuk, Kensley Behel, Kyle Abe, Mary Collier, Michael Rubin, Sara King, Silje Hildebrand, Tavia Smith, Theron Graham, Tiara DeTommaso, Zane Petras"
Week 4,SIMPSON: Jan 24 vs Wis.-La Crosse - 2:00 PM CT,Jan 24,WAG,Kelesy Boychuck,Andrea Maldonado,,Kyle,Needs Activiation Qr Code,Done,"ARNY Ferrando, Akash Modi, Andrea Maldonado, Ashlee Buhler, Baely, Brandon Briones, Brittany Buhler, Christian Marsh, Christina Chauvenet, David Jessen, Dillan King, Dylan Shepard, Eddie Penev, James Laurence Marden, Kelsey Boychuk, Kensley Behel, Kyle Abe, Mary Collier, Michael Rubin, Sara King, Silje Hildebrand, Tavia Smith, Theron Graham, Tiara DeTommaso, Zane Petras"
Week 4,WILLIAM AND MARY: Jan 25 vs Southern Connecticut S,Jan 25,WAG,CANCELED,CANCELED,,CANCELED,Sent Message for Site eval ,,"ARNY Ferrando, Akash Modi, Andrea Maldonado, Ashlee Buhler, Ashley Jessen, Baely, Brandon Briones, Brittany Buhler, Christian Marsh, Christina Chauvenet, David Jessen, Dillan King, Dylan Shepard, Eddie Penev, James Laurence Marden, Kelsey Boychuk, Kensley Behel, Kyle Abe, Mary Collier, Michael Rubin, Sara King, Silje Hildebrand, Tavia Smith, Theron Graham, Tiara DeTommaso, Zane Petras"
Week 4,NAVY: Jan 24 vs Navy Open - 2:00 PM ET,Jan 24,MAG,n/a,n/a,,n/a,Open,,"ARNY Ferrando, Akash Modi, Andrea Maldonado, Ashlee Buhler, Baely, Brandon Briones, Brittany Buhler, Christian Marsh, Christina Chauvenet, David Jessen, Dillan King, Dylan Shepard, Eddie Penev, James Laurence Marden, Kelsey Boychuk, Kensley Behel, Kyle Abe, Mary Collier, Michael Rubin, Sara King, Silje Hildebrand, Tavia Smith, Theron Graham, Tiara DeTommaso, Zane Petras"
Week 4,BRIDGEPORT: Jan 24 vs Brown,Jan 24,WAG,N/a,N/a,,Isaac ,Needs Activiation Qr Code,,"ARNY Ferrando, Akash Modi, Andrea Maldonado, Ashlee Buhler, Baely, Brandon Briones, Brittany Buhler, Christian Marsh, Christina Chauvenet, David Jessen, Dillan King, Dylan Shepard, Eddie Penev, James Laurence Marden, Kelsey Boychuk, Kensley Behel, Kyle Abe, Mary Collier, Michael Rubin, Sara King, Silje Hildebrand, Tavia Smith, Theron Graham, Tiara DeTommaso, Zane Petras"
Week 5,WEST CHESTER: Jan 31 vs SUNY Cortland - 1:00 PM ET,Jan 31,WAG,Tiara DeTommaso,Abigail Bang,,Isaac ,Open,,"ARNY Ferrando, Akash Modi, Andrea Maldonado, Ashlee Buhler, Baely, Brandon Briones, Brittany Buhler, Christian Marsh, Christina Chauvenet, David Jessen, Dillan King, Dylan Shepard, Eddie Penev, James Laurence Marden, Kelsey Boychuk, Kensley Behel, Kyle Abe, Mary Collier, Michael Rubin, Sara King, Silje Hildebrand, Tavia Smith, Theron Graham, Tiara DeTommaso, Zane Petras"
Week 5,SPRINGFIELD: Feb 01 vs William & Mary - 1:00 PM ET,Feb 01,MAG,Stephen Frost,Andrew Carter,,Isaac ,Open,,"ARNY Ferrando, Akash Modi, Andrea Maldonado, Ashlee Buhler, Baely, Brandon Briones, Brittany Buhler, Christian Marsh, Christina Chauvenet, David Jessen, Dillan King, Dylan Shepard, Eddie Penev, James Laurence Marden, Kelsey Boychuk, Kensley Behel, Kyle Abe, Mary Collier, Michael Rubin, Sara King, Silje Hildebrand, Tavia Smith, Theron Graham, Tiara DeTommaso, Zane Petras"
Week 5,UW-WHITEWATER: Jan 31 vs Gustavus Adolphus College,Jan 31,WAG,n/a,n/a,,n/a,Open,,"ARNY Ferrando, Akash Modi, Andrea Maldonado, Ashlee Buhler, Baely, Brandon Briones, Brittany Buhler, Christian Marsh, Christina Chauvenet, David Jessen, Dillan King, Dylan Shepard, Eddie Penev, James Laurence Marden, Kelsey Boychuk, Kensley Behel, Kyle Abe, Mary Collier, Michael Rubin, Sara King, Silje Hildebrand, Tavia Smith, Theron Graham, Tiara DeTommaso, Zane Petras"
Week 5,ITHACA: Feb 01 vs Springfield College,Feb 01,WAG,n/a,n/a,,n/a,Open,,"ARNY Ferrando, Akash Modi, Andrea Maldonado, Ashlee Buhler, Baely, Brandon Briones, Brittany Buhler, Christian Marsh, Christina Chauvenet, David Jessen, Dillan King, Dylan Shepard, Eddie Penev, James Laurence Marden, Kelsey Boychuk, Kensley Behel, Kyle Abe, Mary Collier, Michael Rubin, Sara King, Silje Hildebrand, Tavia Smith, Theron Graham, Tiara DeTommaso, Zane Petras"
Week 5,SEMO: Feb 01 vs Ball State,Feb 01,WAG,n/a,n/a,,n/a,Open,,"ARNY Ferrando, Akash Modi, Andrea Maldonado, Ashlee Buhler, Baely, Brandon Briones, Brittany Buhler, Christian Marsh, Christina Chauvenet, David Jessen, Dillan King, Dylan Shepard, Eddie Penev, James Laurence Marden, Kelsey Boychuk, Kensley Behel, Kyle Abe, Mary Collier, Michael Rubin, Sara King, Silje Hildebrand, Tavia Smith, Theron Graham, Tiara DeTommaso, Zane Petras"
Week 5,WINONA STATE: Feb 01 vs Simpson College - 3:00 PM,Feb 01,WAG,n/a,n/a,,n/a,Open,,"ARNY Ferrando, Akash Modi, Andrea Maldonado, Ashlee Buhler, Baely, Brandon Briones, Brittany Buhler, Christian Marsh, Christina Chauvenet, David Jessen, Dillan King, Dylan Shepard, Eddie Penev, James Laurence Marden, Kelsey Boychuk, Kensley Behel, Kyle Abe, Mary Collier, Michael Rubin, Sara King, Silje Hildebrand, Tavia Smith, Theron Graham, Tiara DeTommaso, Zane Petras"
Week 6,SEMO: Feb 06 vs Bowling Green,Feb 06,WAG,n/a,n/a,,n/a,Open,,"ARNY Ferrando, Akash Modi, Andrea Maldonado, Ashlee Buhler, Baely, Brandon Briones, Brittany Buhler, Christian Marsh, Christina Chauvenet, David Jessen, Dillan King, Dylan Shepard, Eddie Penev, James Laurence Marden, Kelsey Boychuk, Kensley Behel, Kyle Abe, Mary Collier, Michael Rubin, Sara King, Silje Hildebrand, Tavia Smith, Theron Graham, Tiara DeTommaso, Zane Petras"
Week 6,CENTENARY: Feb 06 vs Greenville University - 5:00,Feb 06,WAG,n/a,n/a,,n/a,Open,,"ARNY Ferrando, Akash Modi, Andrea Maldonado, Ashlee Buhler, Baely, Brandon Briones, Brittany Buhler, Christian Marsh, Christina Chauvenet, David Jessen, Dillan King, Dylan Shepard, Eddie Penev, James Laurence Marden, Kelsey Boychuk, Kensley Behel, Kyle Abe, Mary Collier, Michael Rubin, Sara King, Silje Hildebrand, Tavia Smith, Theron Graham, Tiara DeTommaso, Zane Petras"
Week 6,GREENVILLE: Feb 07 vs Simpson College - 1:00 PM CT,Feb 07,MAG,Yaroslav,Noah Newfled,,Zane   ,Site Eval on friday night,,"ARNY Ferrando, Akash Modi, Andrea Maldonado, Ashlee Buhler, Baely, Brandon Briones, Brittany Buhler, Christian Marsh, Christina Chauvenet, David Jessen, Dillan King, Dylan Shepard, Eddie Penev, James Laurence Marden, Kelsey Boychuk, Kensley Behel, Kyle Abe, Mary Collier, Michael Rubin, Sara King, Silje Hildebrand, Tavia Smith, Theron Graham, Tiara DeTommaso, Zane Petras"
Week 6,NAVY: Feb 07 vs Army - 2:00 PM ET,Feb 07,MAG,Brandon B.,Christian Marsh,,Kyle,checking in periodically,,"ARNY Ferrando, Akash Modi, Andrea Maldonado, Ashlee Buhler, Baely, Brandon Briones, Brittany Buhler, Christian Marsh, Christina Chauvenet, David Jessen, Dillan King, Dylan Shepard, Eddie Penev, James Laurence Marden, Kelsey Boychuk, Kensley Behel, Kyle Abe, Mary Collier, Michael Rubin, Sara King, Silje Hildebrand, Tavia Smith, Theron Graham, Tiara DeTommaso, Zane Petras"
Week 6,BRIDGEPORT: Feb 07 vs West Chester University - 2:,Feb 07,WAG,N/a,N/a,,Isaac,No responce on camera spin up,,"ARNY Ferrando, Akash Modi, Andrea Maldonado, Ashlee Buhler, Baely, Brandon Briones, Brittany Buhler, Christian Marsh, Christina Chauvenet, David Jessen, Dillan King, Dylan Shepard, Eddie Penev, James Laurence Marden, Kelsey Boychuk, Kensley Behel, Kyle Abe, Mary Collier, Michael Rubin, Sara King, Silje Hildebrand, Tavia Smith, Theron Graham, Tiara DeTommaso, Zane Petras"
Week 6,SPRINGFIELD: Feb 08 vs RIC,Feb 08,WAG,Sara King,Andrea Maldonado,,Zane   ,waiting,,"ARNY Ferrando, Akash Modi, Andrea Maldonado, Ashlee Buhler, Baely, Brandon Briones, Brittany Buhler, Christian Marsh, Christina Chauvenet, David Jessen, Dillan King, Dylan Shepard, Eddie Penev, James Laurence Marden, Kelsey Boychuk, Kensley Behel, Kyle Abe, Mary Collier, Michael Rubin, Sara King, Silje Hildebrand, Tavia Smith, Theron Graham, Tiara DeTommaso, Zane Petras"
Week 6,UW-WHITEWATER: Feb 07 vs Winona State University -,Feb 07,WAG,n/a,n/a,,n/a,Open,,"ARNY Ferrando, Akash Modi, Andrea Maldonado, Ashlee Buhler, Baely, Brandon Briones, Brittany Buhler, Christian Marsh, Christina Chauvenet, David Jessen, Dillan King, Dylan Shepard, Eddie Penev, James Laurence Marden, Kelsey Boychuk, Kensley Behel, Kyle Abe, Mary Collier, Michael Rubin, Sara King, Silje Hildebrand, Tavia Smith, Theron Graham, Tiara DeTommaso, Zane Petras"
Week 6,ITHACA: Feb 08 vs SUNY Brockport,Feb 08,WAG,n/a,n/a,,n/a,Open,,"ARNY Ferrando, Akash Modi, Andrea Maldonado, Ashlee Buhler, Baely, Brandon Briones, Brittany Buhler, Christian Marsh, Christina Chauvenet, David Jessen, Dillan King, Dylan Shepard, Eddie Penev, James Laurence Marden, Kelsey Boychuk, Kensley Behel, Kyle Abe, Mary Collier, Michael Rubin, Sara King, Silje Hildebrand, Tavia Smith, Theron Graham, Tiara DeTommaso, Zane Petras"
Week 7,ITHACA: Feb 11 vs Cortland - 6:30 PM ET,Feb 11,WAG,n/a,n/a,,n/a,Open,,"ARNY Ferrando, Akash Modi, Andrea Maldonado, Ashlee Buhler, Baely, Brandon Briones, Brittany Buhler, Christian Marsh, Christina Chauvenet, David Jessen, Dillan King, Dylan Shepard, Eddie Penev, James Laurence Marden, Kelsey Boychuk, Kensley Behel, Kyle Abe, Mary Collier, Michael Rubin, Sara King, Silje Hildebrand, Tavia Smith, Theron Graham, Tiara DeTommaso, Zane Petras"
Week 7,WEST CHESTER: Feb 13 vs Ursinus College,Feb 13,WAG,Tiara DeTommaso,Kristina Rodriguez,,Isaac,Open,No Zane this week ,"ARNY Ferrando, Akash Modi, Andrea Maldonado, Ashlee Buhler, Baely, Brandon Briones, Brittany Buhler, Christian Marsh, Christina Chauvenet, David Jessen, Dillan King, Dylan Shepard, Eddie Penev, James Laurence Marden, Kelsey Boychuk, Kensley Behel, Kyle Abe, Mary Collier, Michael Rubin, Sara King, Silje Hildebrand, Tavia Smith, Theron Graham, Tiara DeTommaso, Zane Petras"
Week 7,SIMPSON: Feb 15 vs Wis.-Eau Claire - 1:00 PM CT,Feb 15,WAG,Kelesy Boychuck,Natalie Horowitz,,Kyle,Open,No Zane this week ,"ARNY Ferrando, Akash Modi, Andrea Maldonado, Ashlee Buhler, Baely, Brandon Briones, Brittany Buhler, Christian Marsh, Christina Chauvenet, David Jessen, Dillan King, Dylan Shepard, Eddie Penev, James Laurence Marden, Kelsey Boychuk, Kensley Behel, Kyle Abe, Mary Collier, Michael Rubin, Sara King, Silje Hildebrand, Tavia Smith, Theron Graham, Tiara DeTommaso, Zane Petras"
Week 7,WILBERFORCE: Feb 15 vs Fisk,Feb 15,WAG,Naimah Muhammad,Kiara Richmon,,Isaac,Open,No Zane this week ,"ARNY Ferrando, Akash Modi, Andrea Maldonado, Ashlee Buhler, Baely, Brandon Briones, Brittany Buhler, Christian Marsh, Christina Chauvenet, David Jessen, Dillan King, Dylan Shepard, Eddie Penev, James Laurence Marden, Kelsey Boychuk, Kensley Behel, Kyle Abe, Mary Collier, Michael Rubin, Sara King, Silje Hildebrand, Tavia Smith, Theron Graham, Tiara DeTommaso, Zane Petras"
Week 7,CORTLAND: Feb 14 vs Empire State Collegiate Champi,Feb 14,WAG,n/a,n/a,,n/a,Open,,"ARNY Ferrando, Akash Modi, Andrea Maldonado, Ashlee Buhler, Baely, Brandon Briones, Brittany Buhler, Christian Marsh, Christina Chauvenet, David Jessen, Dillan King, Dylan Shepard, Eddie Penev, James Laurence Marden, Kelsey Boychuk, Kensley Behel, Kyle Abe, Mary Collier, Michael Rubin, Sara King, Silje Hildebrand, Tavia Smith, Theron Graham, Tiara DeTommaso, Zane Petras"
Week 7,CENTENARY: Feb 15 vs Texas Woman's University - 1:,Feb 15,WAG,n/a,n/a,,n/a,Open,,"ARNY Ferrando, Akash Modi, Andrea Maldonado, Ashlee Buhler, Baely, Brandon Briones, Brittany Buhler, Christian Marsh, Christina Chauvenet, David Jessen, Dillan King, Dylan Shepard, Eddie Penev, James Laurence Marden, Kelsey Boychuk, Kensley Behel, Kyle Abe, Mary Collier, Michael Rubin, Sara King, Silje Hildebrand, Tavia Smith, Theron Graham, Tiara DeTommaso, Zane Petras"
Week 7,WINONA STATE: Feb 13 vs UW-Oshkosh - 6:00 PM CT,Feb 13,WAG,n/a,n/a,,n/a,Open,,"ARNY Ferrando, Akash Modi, Andrea Maldonado, Ashlee Buhler, Baely, Brandon Briones, Brittany Buhler, Christian Marsh, Christina Chauvenet, David Jessen, Dillan King, Dylan Shepard, Eddie Penev, James Laurence Marden, Kelsey Boychuk, Kensley Behel, Kyle Abe, Mary Collier, Michael Rubin, Sara King, Silje Hildebrand, Tavia Smith, Theron Graham, Tiara DeTommaso, Zane Petras"
Week 7,UW-WHITEWATER: Feb 14 vs UW-Stout - 4:00 PM CT,Feb 14,WAG,n/a,n/a,,n/a,Open,,"ARNY Ferrando, Akash Modi, Andrea Maldonado, Ashlee Buhler, Baely, Brandon Briones, Brittany Buhler, Christian Marsh, Christina Chauvenet, David Jessen, Dillan King, Dylan Shepard, Eddie Penev, James Laurence Marden, Kelsey Boychuk, Kensley Behel, Kyle Abe, Mary Collier, Michael Rubin, Sara King, Silje Hildebrand, Tavia Smith, Theron Graham, Tiara DeTommaso, Zane Petras"
Week 8,CORTLAND: Feb 21 vs Ithaca,Feb 21,WAG,n/a,n/a,,n/a,Open,,"ARNY Ferrando, Akash Modi, Andrea Maldonado, Ashlee Buhler, Baely, Brandon Briones, Brittany Buhler, Christian Marsh, Christina Chauvenet, David Jessen, Dillan King, Dylan Shepard, Eddie Penev, James Laurence Marden, Kelsey Boychuk, Kensley Behel, Kyle Abe, Mary Collier, Michael Rubin, Sara King, Silje Hildebrand, Tavia Smith, Theron Graham, Tiara DeTommaso, Zane Petras"
Week 8,Simpson vs Army,Feb 22,MAG,Yaroslav Pochinka,David Jessen,,Isaac,Open,,
Week 8,BROCKPORT: Feb 22 vs Utica University - 2:00 PM ET,Feb 22,WAG,n/a,n/a,,n/a,Open,,"ARNY Ferrando, Akash Modi, Andrea Maldonado, Ashlee Buhler, Baely, Brandon Briones, Brittany Buhler, Christian Marsh, Christina Chauvenet, David Jessen, Dillan King, Dylan Shepard, Eddie Penev, James Laurence Marden, Kelsey Boychuk, Kensley Behel, Kyle Abe, Mary Collier, Michael Rubin, Sara King, Silje Hildebrand, Tavia Smith, Theron Graham, Tiara DeTommaso, Zane Petras"
Week 9,SEMO: Feb 27 vs Long Island - 6:30 PM CT,Feb 27,WAG,n/a,n/a,,n/a,Open,,"ARNY Ferrando, Akash Modi, Andrea Maldonado, Ashlee Buhler, Baely, Brandon Briones, Brittany Buhler, Christian Marsh, Christina Chauvenet, David Jessen, Dillan King, Dylan Shepard, Eddie Penev, James Laurence Marden, Kelsey Boychuk, Kensley Behel, Kyle Abe, Mary Collier, Michael Rubin, Sara King, Silje Hildebrand, Tavia Smith, Theron Graham, Tiara DeTommaso, Zane Petras"
Week 9,AIR FORCE: Feb 28 vs Rocky Mountain Mavericks - 6:,Feb 28,MAG,n/a,n/a,,n/a,Open,,"ARNY Ferrando, Akash Modi, Andrea Maldonado, Ashlee Buhler, Baely, Brandon Briones, Brittany Buhler, Christian Marsh, Christina Chauvenet, David Jessen, Dillan King, Dylan Shepard, Eddie Penev, James Laurence Marden, Kelsey Boychuk, Kensley Behel, Kyle Abe, Mary Collier, Michael Rubin, Sara King, Silje Hildebrand, Tavia Smith, Theron Graham, Tiara DeTommaso, Zane Petras"
Week 9,STANFORD: Feb 28 vs Stanford International Collegi,Feb 28,MAG,Josiah Eng,Eddie Penev,,Isaac,Open,,"ARNY Ferrando, Akash Modi, Andrea Maldonado, Ashlee Buhler, Baely, Brandon Briones, Brittany Buhler, Christian Marsh, Christina Chauvenet, David Jessen, Dillan King, Dylan Shepard, Eddie Penev, James Laurence Marden, Kelsey Boychuk, Kensley Behel, Kyle Abe, Mary Collier, Michael Rubin, Sara King, Silje Hildebrand, Tavia Smith, Theron Graham, Tiara DeTommaso, Zane Petras"
Week 9,BROCKPORT: Feb 28 vs Greenville University - 12:00,Feb 28,WAG,,,,,Open,,"ARNY Ferrando, Akash Modi, Andrea Maldonado, Ashlee Buhler, Baely, Brandon Briones, Brittany Buhler, Christian Marsh, Christina Chauvenet, David Jessen, Dillan King, Dylan Shepard, Eddie Penev, James Laurence Marden, Kelsey Boychuk, Kensley Behel, Kyle Abe, Mary Collier, Michael Rubin, Sara King, Silje Hildebrand, Tavia Smith, Theron Graham, Tiara DeTommaso, Zane Petras"
Week 9,UW-WHITEWATER: Feb 28 vs Hamline University - 4:00,Feb 28,WAG,,,,,Open,,"ARNY Ferrando, Akash Modi, Andrea Maldonado, Ashlee Buhler, Baely, Brandon Briones, Brittany Buhler, Christian Marsh, Christina Chauvenet, David Jessen, Dillan King, Dylan Shepard, Eddie Penev, James Laurence Marden, Kelsey Boychuk, Kensley Behel, Kyle Abe, Mary Collier, Michael Rubin, Sara King, Silje Hildebrand, Tavia Smith, Theron Graham, Tiara DeTommaso, Zane Petras"
Week 9,WEST CHESTER: Feb 28 vs University of Bridgeport -,Feb 28,WAG,Tiara DeTommaso,Jordan Coleman,,Isaac,Open,,"ARNY Ferrando, Akash Modi, Andrea Maldonado, Ashlee Buhler, Baely, Brandon Briones, Brittany Buhler, Christian Marsh, Christina Chauvenet, David Jessen, Dillan King, Dylan Shepard, Eddie Penev, James Laurence Marden, Kelsey Boychuk, Kensley Behel, Kyle Abe, Mary Collier, Michael Rubin, Sara King, Silje Hildebrand, Tavia Smith, Theron Graham, Tiara DeTommaso, Zane Petras"
Week 10,CENTENARY: Mar 06 vs Fisk,Mar 06,WAG,,,,,Open,,"ARNY Ferrando, Akash Modi, Andrea Maldonado, Ashlee Buhler, Baely, Brandon Briones, Brittany Buhler, Christian Marsh, Christina Chauvenet, David Jessen, Dillan King, Dylan Shepard, Eddie Penev, James Laurence Marden, Kelsey Boychuk, Kensley Behel, Kyle Abe, Mary Collier, Michael Rubin, Sara King, Silje Hildebrand, Tavia Smith, Theron Graham, Tiara DeTommaso, Zane Petras"
Week 10,RHODE ISLAND COLLEGE: Mar 07 vs NCGA East Champion,Mar 07,WAG,,,,,Open,,"ARNY Ferrando, Akash Modi, Andrea Maldonado, Ashlee Buhler, Baely, Brandon Briones, Brittany Buhler, Christian Marsh, Christina Chauvenet, David Jessen, Dillan King, Dylan Shepard, Eddie Penev, James Laurence Marden, Kelsey Boychuk, Kensley Behel, Kyle Abe, Mary Collier, Michael Rubin, Sara King, Silje Hildebrand, Tavia Smith, Theron Graham, Tiara DeTommaso, Zane Petras"
Week 10,WINONA STATE: Mar 07 vs WIAC Championships - TBD C,Mar 07,WAG,,,,,Open,,"ARNY Ferrando, Akash Modi, Andrea Maldonado, Ashlee Buhler, Baely, Brandon Briones, Brittany Buhler, Christian Marsh, Christina Chauvenet, David Jessen, Dillan King, Dylan Shepard, Eddie Penev, James Laurence Marden, Kelsey Boychuk, Kensley Behel, Kyle Abe, Mary Collier, Michael Rubin, Sara King, Silje Hildebrand, Tavia Smith, Theron Graham, Tiara DeTommaso, Zane Petras"
,NCAG East - 12pm CT,Mar 07,WAG,Baely Rowe,Sara King,Group Chat started,"Sent Message for Site Eval - not sure on ipads, owen techinal, should they do ipads? - indivudal streams? not promised.... use youtube as output. RTMP via we can use that",,,
Week 10,ARMY: Mar 07 vs Greenville & Springfeild - 12pm CT,Mar 07,MAG,Dan Columb,Taylor Christopulos,Sent Session ,"Talked to Jake, Wedneday site eval",Open,,"ARNY Ferrando, Akash Modi, Andrea Maldonado, Ashlee Buhler, Baely, Brandon Briones, Brittany Buhler, Christian Marsh, Christina Chauvenet, David Jessen, Dillan King, Dylan Shepard, Eddie Penev, James Laurence Marden, Kelsey Boychuk, Kensley Behel, Kyle Abe, Mary Collier, Michael Rubin, Sara King, Silje Hildebrand, Tavia Smith, Theron Graham, Tiara DeTommaso, Zane Petras"
Week 10,WILLIAM & MARY: Mar 07 vs Navy - 2:00 PM ET,Mar 07,MAG,Christian Marsh,Nate Salsman ,,Email,Open,,"ARNY Ferrando, Akash Modi, Andrea Maldonado, Ashlee Buhler, Baely, Brandon Briones, Brittany Buhler, Christian Marsh, Christina Chauvenet, David Jessen, Dillan King, Dylan Shepard, Eddie Penev, James Laurence Marden, Kelsey Boychuk, Kensley Behel, Kyle Abe, Mary Collier, Michael Rubin, Sara King, Silje Hildebrand, Tavia Smith, Theron Graham, Tiara DeTommaso, Zane Petras"
Week 10,SIMPSON: Mar 07 vs Nebraska - 4pm CT,Mar 07,MAG,Zac Tiderman,Amari Sewell,,,Open,,"ARNY Ferrando, Akash Modi, Andrea Maldonado, Ashlee Buhler, Baely, Brandon Briones, Brittany Buhler, Christian Marsh, Christina Chauvenet, David Jessen, Dillan King, Dylan Shepard, Eddie Penev, James Laurence Marden, Kelsey Boychuk, Kensley Behel, Kyle Abe, Mary Collier, Michael Rubin, Sara King, Silje Hildebrand, Tavia Smith, Theron Graham, Tiara DeTommaso, Zane Petras"
,Pink Invitational - 5pm CT ,Mar 07,WAG,Trinity Thomas,n/a,,Wednesday is the site eval........ Need to make it look like the pink meet,,,
,ISLA HBCU - MARCH 8TH AT 1PM CT,Mar 08,WAG,Tavia Smith,Michelle Andrews,,Isaac - need to make a chat group with them to make sure everyone has the event. Starting a group chat with them ,,,
Week 11,WILLIAM AND MARY: Mar 12 vs Alaska - 6:30 PM ET,Mar 12,WAG,Andrea Maldonado,Silje Hildebrand,,Need to make it look like the pink meet,Open,,"ARNY Ferrando, Akash Modi, Andrea Maldonado, Ashlee Buhler, Baely, Brandon Briones, Brittany Buhler, Christian Marsh, Christina Chauvenet, David Jessen, Dillan King, Dylan Shepard, Eddie Penev, James Laurence Marden, Kelsey Boychuk, Kensley Behel, Kyle Abe, Mary Collier, Michael Rubin, Sara King, Silje Hildebrand, Tavia Smith, Theron Graham, Tiara DeTommaso, Zane Petras"
Week 11,SPRINGFIELD: Mar 14 vs Navy - 1:00 PM ET,Mar 14,MAG,Timothy Templeton,Jack Vollo ,,,Open,,"ARNY Ferrando, Akash Modi, Andrea Maldonado, Ashlee Buhler, Baely, Brandon Briones, Brittany Buhler, Christian Marsh, Christina Chauvenet, David Jessen, Dillan King, Dylan Shepard, Eddie Penev, James Laurence Marden, Kelsey Boychuk, Kensley Behel, Kyle Abe, Mary Collier, Michael Rubin, Sara King, Silje Hildebrand, Tavia Smith, Theron Graham, Tiara DeTommaso, Zane Petras"
Week 11,STANFORD: Mar 14 vs Team France,Mar 14,MAG,Ian/Brody,,,,Open,,"ARNY Ferrando, Akash Modi, Andrea Maldonado, Ashlee Buhler, Baely, Brandon Briones, Brittany Buhler, Christian Marsh, Christina Chauvenet, David Jessen, Dillan King, Dylan Shepard, Eddie Penev, James Laurence Marden, Kelsey Boychuk, Kensley Behel, Kyle Abe, Mary Collier, Michael Rubin, Sara King, Silje Hildebrand, Tavia Smith, Theron Graham, Tiara DeTommaso, Zane Petras"
Week 11,WILLIAM & MARY: Mar 14 vs Simpson - 2:00 PM ET,Mar 14,MAG,Ian Cree,,,,Open,,"ARNY Ferrando, Akash Modi, Andrea Maldonado, Ashlee Buhler, Baely, Brandon Briones, Brittany Buhler, Christian Marsh, Christina Chauvenet, David Jessen, Dillan King, Dylan Shepard, Eddie Penev, James Laurence Marden, Kelsey Boychuk, Kensley Behel, Kyle Abe, Mary Collier, Michael Rubin, Sara King, Silje Hildebrand, Tavia Smith, Theron Graham, Tiara DeTommaso, Zane Petras"
Week 11,WEST CHESTER: Mar 14 vs Cornell University - 11:00,Mar 14,WAG,Tiara DeTommaso,Alaina Steinberg,,,Open,,"ARNY Ferrando, Akash Modi, Andrea Maldonado, Ashlee Buhler, Baely, Brandon Briones, Brittany Buhler, Christian Marsh, Christina Chauvenet, David Jessen, Dillan King, Dylan Shepard, Eddie Penev, James Laurence Marden, Kelsey Boychuk, Kensley Behel, Kyle Abe, Mary Collier, Michael Rubin, Sara King, Silje Hildebrand, Tavia Smith, Theron Graham, Tiara DeTommaso, Zane Petras"
Week 11,WILLIAM AND MARY: Mar 14 vs Alaska - 2:00 PM ET,Mar 14,WAG,Natalie Horowitz,Silje Hildebrand,,,Open,,"ARNY Ferrando, Akash Modi, Andrea Maldonado, Ashlee Buhler, Baely, Brandon Briones, Brittany Buhler, Christian Marsh, Christina Chauvenet, David Jessen, Dillan King, Dylan Shepard, Eddie Penev, James Laurence Marden, Kelsey Boychuk, Kensley Behel, Kyle Abe, Mary Collier, Michael Rubin, Sara King, Silje Hildebrand, Tavia Smith, Theron Graham, Tiara DeTommaso, Zane Petras"
Week 11,BRIDGEPORT: Mar 15 vs SCSU,Mar 15,WAG,n/a,n/a,,,Open,,"ARNY Ferrando, Akash Modi, Andrea Maldonado, Ashlee Buhler, Baely, Brandon Briones, Brittany Buhler, Christian Marsh, Christina Chauvenet, David Jessen, Dillan King, Dylan Shepard, Eddie Penev, James Laurence Marden, Kelsey Boychuk, Kensley Behel, Kyle Abe, Mary Collier, Michael Rubin, Sara King, Silje Hildebrand, Tavia Smith, Theron Graham, Tiara DeTommaso, Zane Petras"
Week 12,SEMO: Mar 20 vs MIC Championships - 6:00 PM CT,Mar 20,WAG,,,,,Open,,"ARNY Ferrando, Akash Modi, Andrea Maldonado, Ashlee Buhler, Baely, Brandon Briones, Brittany Buhler, Christian Marsh, Christina Chauvenet, David Jessen, Dillan King, Dylan Shepard, Eddie Penev, James Laurence Marden, Kelsey Boychuk, Kensley Behel, Kyle Abe, Mary Collier, Michael Rubin, Sara King, Silje Hildebrand, Tavia Smith, Theron Graham, Tiara DeTommaso, Zane Petras"
Week 12,AIR FORCE: Mar 20 vs USAG Team Finals - TBD MT,Mar 20,MAG,,,,,Open,,"ARNY Ferrando, Akash Modi, Andrea Maldonado, Ashlee Buhler, Baely, Brandon Briones, Brittany Buhler, Christian Marsh, Christina Chauvenet, David Jessen, Dillan King, Dylan Shepard, Eddie Penev, James Laurence Marden, Kelsey Boychuk, Kensley Behel, Kyle Abe, Mary Collier, Michael Rubin, Sara King, Silje Hildebrand, Tavia Smith, Theron Graham, Tiara DeTommaso, Zane Petras"
Week 12,CORTLAND: Mar 20 vs NCGA Championship - 2:00 PM ET,Mar 20,WAG,,,,,Open,,"ARNY Ferrando, Akash Modi, Andrea Maldonado, Ashlee Buhler, Baely, Brandon Briones, Brittany Buhler, Christian Marsh, Christina Chauvenet, David Jessen, Dillan King, Dylan Shepard, Eddie Penev, James Laurence Marden, Kelsey Boychuk, Kensley Behel, Kyle Abe, Mary Collier, Michael Rubin, Sara King, Silje Hildebrand, Tavia Smith, Theron Graham, Tiara DeTommaso, Zane Petras"
Week 12,CAL: Mar 21 vs Oklahoma - 4:00 PM PT,Mar 21,MAG,,,,,Open,,"ARNY Ferrando, Akash Modi, Andrea Maldonado, Ashlee Buhler, Baely, Brandon Briones, Brittany Buhler, Christian Marsh, Christina Chauvenet, David Jessen, Dillan King, Dylan Shepard, Eddie Penev, James Laurence Marden, Kelsey Boychuk, Kensley Behel, Kyle Abe, Mary Collier, Michael Rubin, Sara King, Silje Hildebrand, Tavia Smith, Theron Graham, Tiara DeTommaso, Zane Petras"
Week 12,AIR FORCE: Mar 21 vs USAG Event Finals - 1:00 PM M,Mar 21,MAG,,,,,Open,,"ARNY Ferrando, Akash Modi, Andrea Maldonado, Ashlee Buhler, Ashley Jessen, Baely, Brandon Briones, Brittany Buhler, Christian Marsh, Christina Chauvenet, David Jessen, Dillan King, Dylan Shepard, Eddie Penev, James Laurence Marden, Kelsey Boychuk, Kensley Behel, Kyle Abe, Mary Collier, Michael Rubin, Sara King, Silje Hildebrand, Tavia Smith, Theron Graham, Tiara DeTommaso, Zane Petras"
Week 13,WEST CHESTER: Mar 27 vs WCGNIC Day 1 - TBA ET,Mar 27,WAG,,,,,Open,,"ARNY Ferrando, Akash Modi, Andrea Maldonado, Ashlee Buhler, Baely, Brandon Briones, Brittany Buhler, Christian Marsh, Christina Chauvenet, David Jessen, Dillan King, Dylan Shepard, Eddie Penev, James Laurence Marden, Kelsey Boychuk, Kensley Behel, Kyle Abe, Mary Collier, Michael Rubin, Sara King, Silje Hildebrand, Tavia Smith, Theron Graham, Tiara DeTommaso, Zane Petras"
Week 13,WEST CHESTER: Mar 28 vs WCGNIC Day 2 - TBA ET,Mar 28,WAG,,,,,Open,,"ARNY Ferrando, Akash Modi, Andrea Maldonado, Ashlee Buhler, Baely, Brandon Briones, Brittany Buhler, Christian Marsh, Christina Chauvenet, David Jessen, Dillan King, Dylan Shepard, Eddie Penev, James Laurence Marden, Kelsey Boychuk, Kensley Behel, Kyle Abe, Mary Collier, Michael Rubin, Sara King, Silje Hildebrand, Tavia Smith, Theron Graham, Tiara DeTommaso, Zane Petras"
Week 13,WEST CHESTER: Mar 29 vs WCGNIC Day 3 - TBA ET,Mar 29,WAG,,,,,Open,,"ARNY Ferrando, Akash Modi, Andrea Maldonado, Ashlee Buhler, Baely, Brandon Briones, Brittany Buhler, Christian Marsh, Christina Chauvenet, David Jessen, Dillan King, Dylan Shepard, Eddie Penev, James Laurence Marden, Kelsey Boychuk, Kensley Behel, Kyle Abe, Mary Collier, Michael Rubin, Sara King, Silje Hildebrand, Tavia Smith, Theron Graham, Tiara DeTommaso, Zane Petras"
Week 14,CAL: Apr 04 vs Air Force,Apr 04,MAG,,,,,Open,,"ARNY Ferrando, Akash Modi, Andrea Maldonado, Ashlee Buhler, Baely, Brandon Briones, Brittany Buhler, Christian Marsh, Christina Chauvenet, David Jessen, Dillan King, Dylan Shepard, Eddie Penev, James Laurence Marden, Kelsey Boychuk, Kensley Behel, Kyle Abe, Mary Collier, Michael Rubin, Sara King, Silje Hildebrand, Tavia Smith, Theron Graham, Tiara DeTommaso, Zane Petras"
Week 14,ARMY: Apr 04 vs ECAC Championships - 1:00 PM ET,Apr 04,MAG,,,,,Open,,"ARNY Ferrando, Akash Modi, Andrea Maldonado, Ashlee Buhler, Baely, Brandon Briones, Brittany Buhler, Christian Marsh, Christina Chauvenet, David Jessen, Dillan King, Dylan Shepard, Eddie Penev, James Laurence Marden, Kelsey Boychuk, Kensley Behel, Kyle Abe, Mary Collier, Michael Rubin, Sara King, Silje Hildebrand, Tavia Smith, Theron Graham, Tiara DeTommaso, Zane Petras"